{
    "nombre": "Zapato azul",
    "precio": 5000,
    "referencia": "G40",
    "foto": "1.jpg"
} {
    "nombre": "Zapato rojo",
    "precio": 5000,
    "referencia": "G40",
    "foto": "2.jpg"
} {
    "nombre": "Zapato verde",
    "precio": 5000,
    "referencia": "G40",
    "foto": "3.jpg"
} {
    "nombre": "Zapato gris",
    "precio": 5000,
    "referencia": "G40",
    "foto": "4.jpg"
} {
    "nombre": "Zapato cafe",
    "precio": 5000,
    "referencia": "G40",
    "foto": "5.jpg"
} {
    "nombre": "Zapato miel",
    "precio": 5000,
    "referencia": "G40",
    "foto": "6.jpg"
} {
    "nombre": "Zapato aguamarina",
    "precio": 5000,
    "referencia": "G40",
    "foto": "7.jpg"
} {
    "nombre": "Zapato piel",
    "precio": 5000,
    "referencia": "G40",
    "foto": "8.jpg"
} {
    "nombre": "Zapato perla",
    "precio": 5000,
    "referencia": "G40",
    "foto": "9.jpg"
} {
    "nombre": "Zapato marinado",
    "precio": 5000,
    "referencia": "G40",
    "foto": "10.jpg"
} {
    "nombre": "Zapato azul1",
    "precio": 5000,
    "referencia": "G40",
    "foto": "11.jpg"
} {
    "nombre": "Zapato azul2",
    "precio": 5000,
    "referencia": "G40",
    "foto": "12.jpg"
} {
    "nombre": "Zapato azul3",
    "precio": 5000,
    "referencia": "G40",
    "foto": "13.jpg"
} {
    "nombre": "Zapato azul4",
    "precio": 5000,
    "referencia": "G40",
    "foto": "14.jpg"
} {
    "nombre": "Zapato azul5",
    "precio": 5000,
    "referencia": "G40",
    "foto": "15.jpg"
} {
    "nombre": "Zapato azul6",
    "precio": 5000,
    "referencia": "G40",
    "foto": "16.jpg"
} {
    "nombre": "Zapato azul7",
    "precio": 5000,
    "referencia": "G40",
    "foto": "17.jpg"
} {
    "nombre": "Zapato azul8",
    "precio": 5000,
    "referencia": "G40",
    "foto": "18.jpg"
} {
    "nombre": "Zapato azul9",
    "precio": 5000,
    "referencia": "G40",
    "foto": "19.jpg"
} {
    "nombre": "Zapato azul10",
    "precio": 5000,
    "referencia": "G40",
    "foto": "20.jpg"
}